content,
What are some of your favorite jokes? Let us know!,cov
Is anyone being creative with their snow day? ,cov
Did you see our latest movie?,cov
Come hang out with us! ,cov
Hey beautiful people! What would you like to see us doing more (or less) of !,cov
Ends tonight! Shop select certifiably comfortable shoes!,Assertive
Just Do it! ,Assertive
Don't miss our products !,Assertive
"In fact, we discovered that Woollip works better that what we imagined.",Infor
"It is made of Titanium Grade 5, a material famous for being very strong yet very light.",Infor
Each game already comes with six characters.,Infor
We thank you personally for the trust you are putting in us and our company.,Emo
I wear it everyday and am very happy with it!,Emo
We are so grateful for our everyday heroes who never cease to amaze us!,Emo